OTU,Accession,Phylum,Class,Order,Family,Genus
Otu00001,AY271254.1,Verrucomicrobia,Verrucomicrobiae,Verrucomicrobiales,Verrucomicrobiaceae,Akkermansia
Otu00002,AJ400267.1,Bacteroidetes,Bacteroidia,Bacteroidales,S24-7,S24-7_unclassified
Otu00003,AF157056.1,Bacteroidetes,Bacteroidia,Bacteroidales,Porphyromonadaceae,Parabacteroides
Otu00004,AJ400235.1,Bacteroidetes,Bacteroidia,Bacteroidales,S24-7,S24-7_unclassified
Otu00005,AF018544.1,Firmicutes,Clostridia,Clostridiales,Ruminococcaceae,Ruminococcaceae_unclassified
Otu00006,AJ408995.1,Firmicutes,Clostridia,Clostridiales,Clostridiaceae,Clostridium
Otu00007,AJ408991.1,Firmicutes,Clostridia,Clostridiales,Ruminococcaceae,Ruminococcaceae_unclassified
Otu00008,AF371476.1,Firmicutes,Bacilli,Lactobacillales,Lactobacillaceae,Lactobacillus
Otu00009,AY643083.1,Bacteroidetes,Bacteroidia,Bacteroidales,Rikenellaceae,Alistipes
Otu00010,AY538172.1,Bacteria_unclassified,Bacteria_unclassified,Bacteria_unclassified,Bacteria_unclassified,Bacteria_unclassified
Otu00011,AY148470.1,Actinobacteria,Actinobacteria,Bifidobacteriales,Bifidobacteriaceae,Bifidobacterium
Otu00012,AJ576395.1,Firmicutes,Clostridia,Clostridiales,Lachnospiraceae,Lachnospiraceae_unclassified
Otu00013,AY134906.1,Bacteroidetes,Bacteroidia,Bacteroidales,Porphyromonadaceae,Odoribacter
Otu00014,AF132250.1,Firmicutes,Clostridia,Clostridiales,Lachnospiraceae,Lachnospiraceae_unclassified
Otu00015,AJ400256.1,Firmicutes,Clostridia,Clostridiales,Lachnospiraceae,Lachnospiraceae_unclassified
Otu00016,AJ306761.1,Firmicutes,Clostridia,Clostridiales,Peptostreptococcaceae,Incertae_Sedis
Otu00017,AJ408959.1,Firmicutes,Clostridia,Clostridiales,Lachnospiraceae,uncultured
Otu00018,AF132273.1,Bacteroidetes,Bacteroidia,Bacteroidales,Bacteroidaceae,Bacteroides
Otu00019,EU530489.1,Firmicutes,Clostridia,Clostridiales,Lachnospiraceae,Blautia
Otu00020,AY244908.1,Firmicutes,Clostridia,Clostridiales,Ruminococcaceae,Incertae_Sedis
Otu00021,AY136666.1,Firmicutes,Clostridia,Clostridiales,Ruminococcaceae,Incertae_Sedis
Otu00022,AY278624.1,Bacteroidetes,Bacteroidia,Bacteroidales,Prevotellaceae,Prevotella
Otu00023,AF157051.1,Firmicutes,Clostridia,Clostridiales,Ruminococcaceae,Incertae_Sedis
Otu00024,AB238598.1,Firmicutes,Clostridia,Clostridiales,Ruminococcaceae,Oscillibacter
Otu00025,Y18185.1,Firmicutes,Clostridia,Clostridiales,Lachnospiraceae,Lachnospiraceae_unclassified
Otu00026,AF104839.1,Firmicutes,Clostridia,Clostridiales,Ruminococcaceae,Ruminococcaceae_unclassified
Otu00027,AJ312386.1,Firmicutes,Clostridia,Clostridiales,Lachnospiraceae,Roseburia
Otu00028,AJ400256.1,Firmicutes,Clostridia,Clostridiales,Lachnospiraceae,Lachnospiraceae_unclassified
Otu00029,EU530489.1,Firmicutes,Clostridia,Clostridiales,Lachnospiraceae,Blautia
Otu00030,AF408259.1,Firmicutes,Bacilli,Lactobacillales,Streptococcaceae,Lactococcus
Otu00031,Y18184.1,Firmicutes,Clostridia,Clostridiales,Lachnospiraceae,Lachnospiraceae_unclassified
Otu00032,X71855.1,Firmicutes,Clostridia,Clostridiales,Lachnospiraceae,Lachnospiraceae_unclassified
Otu00033,AF157051.1,Firmicutes,Clostridia,Clostridiales,Ruminococcaceae,Ruminococcaceae_unclassified
Otu00034,AY253659.1,Firmicutes,Bacilli,Lactobacillales,Lactobacillaceae,Lactobacillus
Otu00035,AF157051.1,Firmicutes,Clostridia,Clostridiales,Ruminococcaceae,Incertae_Sedis
Otu00036,AJ408960.1,Proteobacteria,Betaproteobacteria,Burkholderiales,Alcaligenaceae,Parasutterella
Otu00037,Y18185.1,Firmicutes,Clostridia,Clostridiales,Lachnospiraceae,Lachnospiraceae_unclassified
Otu00038,AJ400235.1,Bacteroidetes,Bacteroidia,Bacteroidales,S24-7,S24-7_unclassified
Otu00039,AY033434.1,Firmicutes,Clostridia,Clostridiales,Clostridiales_unclassified,Clostridiales_unclassified
Otu00040,DQ394661.1,Firmicutes,Clostridia,Clostridiales,Ruminococcaceae,uncultured
Otu00041,AB326350.1,Firmicutes,Bacilli,Lactobacillales,Lactobacillaceae,Lactobacillus
Otu00042,AJ629069.1,Firmicutes,Firmicutes_unclassified,Firmicutes_unclassified,Firmicutes_unclassified,Firmicutes_unclassified
Otu00043,AJ576418.1,Firmicutes,Clostridia,Clostridiales,Lachnospiraceae,Lachnospiraceae_unclassified
Otu00044,EU259447.1,Firmicutes,Clostridia,Clostridiales,Ruminococcaceae,Ruminococcaceae_unclassified
Otu00045,AB040499.1,Firmicutes,Clostridia,Clostridiales,Ruminococcaceae,Ruminococcaceae_unclassified
Otu00046,Y18185.1,Firmicutes,Clostridia,Clostridiales,Lachnospiraceae,Incertae_Sedis
Otu00047,AJ400262.1,Firmicutes,Erysipelotrichi,Erysipelotrichales,Erysipelotrichaceae,Turicibacter
Otu00048,AF018544.1,Firmicutes,Clostridia,Clostridiales,Ruminococcaceae,Ruminococcaceae_unclassified
Otu00049,EU530489.1,Firmicutes,Clostridia,Clostridiales,Lachnospiraceae,Blautia
Otu00050,AF499908.1,Firmicutes,Clostridia,Clostridiales,Lachnospiraceae,Lachnospiraceae_unclassified
Otu00051,EF612768.1,Proteobacteria,Alphaproteobacteria,Alphaproteobacteria_unclassified,Alphaproteobacteria_unclassified,Alphaproteobacteria_unclassified
Otu00052,Y18185.1,Firmicutes,Clostridia,Clostridiales,Lachnospiraceae,Lachnospiraceae_unclassified
Otu00053,AF132261.1,Firmicutes,Clostridia,Clostridiales,Ruminococcaceae,Ruminococcaceae_unclassified
Otu00054,AJ400237.1,Firmicutes,Clostridia,Clostridiales,Ruminococcaceae,Ruminococcaceae_unclassified
Otu00055,AY244908.1,Firmicutes,Clostridia,Clostridiales,Ruminococcaceae,Incertae_Sedis
Otu00056,AJ408969.1,Firmicutes,Clostridia,Clostridiales,Lachnospiraceae,Incertae_Sedis
Otu00057,Y18184.1,Firmicutes,Clostridia,Clostridiales,Lachnospiraceae,Lachnospiraceae_unclassified
Otu00058,EU530489.1,Firmicutes,Clostridia,Clostridiales,Lachnospiraceae,Blautia
Otu00059,Y18185.1,Firmicutes,Clostridia,Clostridiales,Lachnospiraceae,Lachnospiraceae_unclassified
Otu00060,AB018187.1,Firmicutes,Erysipelotrichi,Erysipelotrichales,Erysipelotrichaceae,Incertae_Sedis
Otu00061,AF499906.1,Firmicutes,Clostridia,Clostridiales,Lachnospiraceae,Lachnospiraceae_unclassified
Otu00062,AF132264.1,Firmicutes,Clostridia,Clostridiales,Lachnospiraceae,Lachnospiraceae_unclassified
Otu00063,AY442822.1,Firmicutes,Clostridia,Clostridiales,Lachnospiraceae,Blautia
Otu00064,AY214191.1,Firmicutes,Clostridia,Clostridiales,Clostridiales_unclassified,Clostridiales_unclassified
Otu00065,AY093470.1,Bacteria_unclassified,Bacteria_unclassified,Bacteria_unclassified,Bacteria_unclassified,Bacteria_unclassified
Otu00066,AY136666.1,Firmicutes,Clostridia,Clostridiales,Ruminococcaceae,Incertae_Sedis
Otu00067,AF371751.1,Firmicutes,Clostridia,Clostridiales,Ruminococcaceae,Ruminococcus
Otu00068,AJ417075.1,Firmicutes,Erysipelotrichi,Erysipelotrichales,Erysipelotrichaceae,Allobaculum
Otu00069,DQ532285.1,Firmicutes,Clostridia,Clostridiales,Lachnospiraceae,Lachnospiraceae_unclassified
Otu00070,AB040499.1,Firmicutes,Clostridia,Clostridiales,Ruminococcaceae,Ruminococcaceae_unclassified
Otu00071,EU530489.1,Firmicutes,Clostridia,Clostridiales,Lachnospiraceae,Blautia
Otu00072,DQ905423.1,Firmicutes,Clostridia,Clostridiales,Ruminococcaceae,uncultured
Otu00073,AF116920.1,Firmicutes,Clostridia,Clostridiales,Lachnospiraceae,Lachnospiraceae_unclassified
Otu00074,AF499906.1,Firmicutes,Clostridia,Clostridiales,Lachnospiraceae,Lachnospiraceae_unclassified
Otu00075,AY169428.1,Firmicutes,Clostridia,Clostridiales,Lachnospiraceae,Lachnospiraceae_unclassified
Otu00076,AF132267.1,Firmicutes,Clostridia,Clostridiales,Lachnospiraceae,Lachnospiraceae_unclassified
Otu00077,DQ815728.1,Firmicutes,Clostridia,Clostridiales,Lachnospiraceae,Lachnospiraceae_unclassified
Otu00078,EF025906.1,Firmicutes,Clostridia,Clostridiales,Lachnospiraceae,Blautia
Otu00079,AY244908.1,Firmicutes,Clostridia,Clostridiales,Ruminococcaceae,Incertae_Sedis
Otu00080,AY278618.1,Firmicutes,Clostridia,Clostridiales,Lachnospiraceae,Lachnospiraceae_unclassified
Otu00081,AF132267.1,Firmicutes,Clostridia,Clostridiales,Lachnospiraceae,Lachnospiraceae_unclassified
Otu00082,AJ576418.1,Firmicutes,Clostridia,Clostridiales,Lachnospiraceae,Lachnospiraceae_unclassified
Otu00083,AY518589.1,Firmicutes,Clostridia,Clostridiales,Ruminococcaceae,Acetanaerobacterium
Otu00084,AF028349.1,Firmicutes,Clostridia,Clostridiales,Lachnospiraceae,Incertae_Sedis
Otu00085,AJ408961.1,Firmicutes,Clostridia,Clostridiales,Lachnospiraceae,Lachnospiraceae_unclassified
Otu00086,AF280849.1,Bacteria_unclassified,Bacteria_unclassified,Bacteria_unclassified,Bacteria_unclassified,Bacteria_unclassified
Otu00087,AY330126.1,Firmicutes,Clostridia,Clostridiales,Lachnospiraceae,Lachnospiraceae_unclassified
Otu00088,AF371593.1,Firmicutes,Clostridia,Clostridiales,Lachnospiraceae,Lachnospiraceae_unclassified
Otu00089,EF603070.1,Firmicutes,Clostridia,Clostridiales,Ruminococcaceae,uncultured
Otu00090,AF028349.1,Firmicutes,Clostridia,Clostridiales,Lachnospiraceae,Incertae_Sedis
Otu00091,AF028349.1,Firmicutes,Clostridia,Clostridiales,Lachnospiraceae,Lachnospiraceae_unclassified
Otu00092,Y18185.1,Firmicutes,Clostridia,Clostridiales,Lachnospiraceae,Lachnospiraceae_unclassified
Otu00093,AF371593.1,Firmicutes,Clostridia,Clostridiales,Clostridiales_unclassified,Clostridiales_unclassified
Otu00094,AF157051.1,Firmicutes,Clostridia,Clostridiales,Ruminococcaceae,Ruminococcaceae_unclassified
Otu00095,AY212660.1,Firmicutes,Clostridia,Clostridiales,Lachnospiraceae,Lachnospiraceae_unclassified
Otu00096,AF167711.1,Firmicutes,Clostridia,Clostridiales,Ruminococcaceae,Ruminococcaceae_unclassified
Otu00097,AJ488093.1,Firmicutes,Clostridia,Clostridiales,Ruminococcaceae,Oscillibacter
Otu00098,AJ400256.1,Bacteria_unclassified,Bacteria_unclassified,Bacteria_unclassified,Bacteria_unclassified,Bacteria_unclassified
Otu00099,DQ394661.1,Firmicutes,Clostridia,Clostridiales,Ruminococcaceae,uncultured
Otu00100,AF028349.1,Firmicutes,Clostridia,Clostridiales,Lachnospiraceae,Lachnospiraceae_unclassified
Otu00101,AY330126.1,Firmicutes,Clostridia,Clostridiales,Lachnospiraceae,Lachnospiraceae_unclassified
Otu00102,AF371593.1,Firmicutes,Clostridia,Clostridiales,Lachnospiraceae,Lachnospiraceae_unclassified
Otu00103,AF499906.1,Firmicutes,Clostridia,Clostridiales,Lachnospiraceae,Lachnospiraceae_unclassified
Otu00104,AY212772.1,Firmicutes,Clostridia,Clostridiales,Ruminococcaceae,Ruminococcaceae_unclassified
Otu00105,AF116920.1,Firmicutes,Clostridia,Clostridiales,Lachnospiraceae,Incertae_Sedis
Otu00106,AF157051.1,Firmicutes,Clostridia,Clostridiales,Ruminococcaceae,Ruminococcaceae_unclassified
Otu00107,Y10030.1,Firmicutes,Clostridia,Clostridiales,Lachnospiraceae,Lachnospiraceae_unclassified
Otu00108,AF050581.1,Firmicutes,Clostridia,Clostridiales,Clostridiales_unclassified,Clostridiales_unclassified
Otu00109,AY033434.1,Firmicutes,Clostridia,Clostridiales,Lachnospiraceae,Incertae_Sedis
Otu00110,DQ819146.1,Proteobacteria,Gammaproteobacteria,Enterobacteriales,Enterobacteriaceae,Enteric_Bacteria_cluster
Otu00111,AF132250.1,Firmicutes,Clostridia,Clostridiales,Lachnospiraceae,Incertae_Sedis
Otu00112,AF030449.1,Firmicutes,Clostridia,Clostridiales,Ruminococcaceae,Ruminococcus
Otu00113,AB306661.1,Actinobacteria,Actinobacteria,Coriobacteriales,Coriobacteriaceae,Adlercreutzia
Otu00114,EF603175.1,Firmicutes,Clostridia,Clostridiales,Ruminococcaceae,uncultured
Otu00115,AF028349.1,Firmicutes,Clostridia,Clostridiales,Lachnospiraceae,Incertae_Sedis
Otu00116,AF132264.1,Firmicutes,Clostridia,Clostridiales,Lachnospiraceae,Lachnospiraceae_unclassified
Otu00117,Z26939.1,Firmicutes,Firmicutes_unclassified,Firmicutes_unclassified,Firmicutes_unclassified,Firmicutes_unclassified
Otu00118,AF289160.1,Bacteria_unclassified,Bacteria_unclassified,Bacteria_unclassified,Bacteria_unclassified,Bacteria_unclassified
Otu00119,AF292374.1,Actinobacteria,Actinobacteria,Coriobacteriales,Coriobacteriaceae,Olsenella
Otu00120,EF602918.1,Firmicutes,Clostridia,Clostridiales,Lachnospiraceae,uncultured
Otu00121,AY169419.1,Firmicutes,Clostridia,Clostridiales,Lachnospiraceae,Blautia
Otu00122,Y18185.1,Firmicutes,Clostridia,Clostridiales,Lachnospiraceae,Lachnospiraceae_unclassified
Otu00123,DQ673514.1,Firmicutes,Clostridia,Clostridiales,Ruminococcaceae,Ruminococcaceae_unclassified
Otu00124,AY244908.1,Firmicutes,Clostridia,Clostridiales,Ruminococcaceae,Incertae_Sedis
Otu00125,DQ100445.1,Firmicutes,Erysipelotrichi,Erysipelotrichales,Erysipelotrichaceae,Incertae_Sedis
Otu00126,AJ315487.1,Firmicutes,Clostridia,Clostridiales,Lachnospiraceae,Lachnospiraceae_unclassified
Otu00127,DQ904854.1,Firmicutes,Clostridia,Clostridiales,Ruminococcaceae,Ruminococcaceae_unclassified
Otu00128,EF603070.1,Firmicutes,Clostridia,Clostridiales,Ruminococcaceae,uncultured
Otu00129,AB238598.1,Firmicutes,Clostridia,Clostridiales,Ruminococcaceae,Oscillibacter
Otu00130,X71855.1,Firmicutes,Clostridia,Clostridiales,Lachnospiraceae,Lachnospiraceae_unclassified
Otu00131,AB238598.1,Firmicutes,Clostridia,Clostridiales,Ruminococcaceae,Oscillibacter
Otu00132,AJ576369.1,Firmicutes,Clostridia,Clostridiales,Ruminococcaceae,Ruminococcaceae_unclassified
Otu00133,AF056088.1,Proteobacteria,Proteobacteria_unclassified,Proteobacteria_unclassified,Proteobacteria_unclassified,Proteobacteria_unclassified
Otu00134,EF025906.1,Firmicutes,Clostridia,Clostridiales,Lachnospiraceae,Lachnospiraceae_unclassified
Otu00135,EF603070.1,Firmicutes,Clostridia,Clostridiales,Ruminococcaceae,uncultured
Otu00136,AJ576369.1,Firmicutes,Clostridia,Clostridiales,Ruminococcaceae,Ruminococcaceae_unclassified
Otu00137,AJ417075.1,Firmicutes,Erysipelotrichi,Erysipelotrichales,Erysipelotrichaceae,Allobaculum
Otu00138,AJ245921.1,Bacteria_unclassified,Bacteria_unclassified,Bacteria_unclassified,Bacteria_unclassified,Bacteria_unclassified
Otu00139,AY169428.1,Firmicutes,Clostridia,Clostridiales,Lachnospiraceae,Lachnospiraceae_unclassified
Otu00140,AY033434.1,Firmicutes,Clostridia,Clostridiales,Clostridiales_unclassified,Clostridiales_unclassified
Otu00141,X71855.1,Firmicutes,Clostridia,Clostridiales,Lachnospiraceae,Lachnospiraceae_unclassified
Otu00142,AJ408979.1,Firmicutes,Clostridia,Clostridiales,Lachnospiraceae,Lachnospiraceae_unclassified
Otu00143,AF028349.1,Firmicutes,Clostridia,Clostridiales,Lachnospiraceae,Lachnospiraceae_unclassified
Otu00144,AY169428.1,Firmicutes,Clostridia,Clostridiales,Lachnospiraceae,Lachnospiraceae_unclassified
Otu00145,AF481212.1,Firmicutes,Clostridia,Clostridiales,Family_XIII_Incertae_Sedis,Family_XIII_Incertae_Sedis_unclassified
Otu00146,AF371552.1,Firmicutes,Clostridia,Clostridiales,Lachnospiraceae,Lachnospiraceae_unclassified
Otu00147,AF499906.1,Firmicutes,Clostridia,Clostridiales,Lachnospiraceae,Lachnospiraceae_unclassified
Otu00148,Y10028.1,Firmicutes,Clostridia,Clostridiales,Lachnospiraceae,Incertae_Sedis
Otu00149,AF157058.1,Firmicutes,Clostridia,Clostridiales,Lachnospiraceae,Lachnospiraceae_unclassified
Otu00150,AY491543.1,Firmicutes,Clostridia,Clostridiales,Family_XIII_Incertae_Sedis,Family_XIII_Incertae_Sedis_unclassified
Otu00151,AF371593.1,Firmicutes,Clostridia,Clostridiales,Lachnospiraceae,Lachnospiraceae_unclassified
Otu00152,Y18185.1,Firmicutes,Clostridia,Clostridiales,Lachnospiraceae,Lachnospiraceae_unclassified
Otu00153,AY395018.1,Firmicutes,Bacilli,Lactobacillales,Enterococcaceae,Enterococcus
Otu00154,X95624.1,Firmicutes,Clostridia,Clostridiales,Lachnospiraceae,Lachnospiraceae_unclassified
Otu00155,AF132264.1,Firmicutes,Clostridia,Clostridiales,Lachnospiraceae,Lachnospiraceae_unclassified
Otu00156,AJ131121.1,Actinobacteria,Actinobacteria,Actinomycetales,Micrococcaceae,Rothia
Otu00157,AF028349.1,Firmicutes,Clostridia,Clostridiales,Lachnospiraceae,Incertae_Sedis
Otu00158,AF028349.1,Firmicutes,Clostridia,Clostridiales,Lachnospiraceae,Lachnospiraceae_unclassified
Otu00159,AJ315487.1,Firmicutes,Clostridia,Clostridiales,Lachnospiraceae,Lachnospiraceae_unclassified
Otu00160,AJ404681.1,Bacteria_unclassified,Bacteria_unclassified,Bacteria_unclassified,Bacteria_unclassified,Bacteria_unclassified
Otu00161,AJ408969.1,Firmicutes,Clostridia,Clostridiales,Lachnospiraceae,Lachnospiraceae_unclassified
Otu00162,AF132267.1,Firmicutes,Clostridia,Clostridiales,Lachnospiraceae,Lachnospiraceae_unclassified
Otu00163,EU009808.1,Firmicutes,Clostridia,Clostridiales,Ruminococcaceae,uncultured
Otu00164,AJ272036.1,Firmicutes,Clostridia,Clostridiales,Lachnospiraceae,Lachnospiraceae_unclassified
Otu00165,AF371642.1,Firmicutes,Clostridia,Clostridiales,Lachnospiraceae,Lachnospiraceae_unclassified
Otu00166,EF420229.1,Firmicutes,Clostridia,Clostridiales,Clostridiales_unclassified,Clostridiales_unclassified
Otu00167,AY330126.1,Firmicutes,Clostridia,Clostridiales,Lachnospiraceae,Lachnospiraceae_unclassified
Otu00168,AF157050.1,Firmicutes,Bacilli,Lactobacillales,Lactobacillaceae,Lactobacillus
Otu00169,AF157052.1,Firmicutes,Clostridia,Clostridiales,Lachnospiraceae,Lachnospiraceae_unclassified
Otu00170,AF132250.1,Firmicutes,Clostridia,Clostridiales,Lachnospiraceae,Lachnospiraceae_unclassified
Otu00171,Y18184.1,Firmicutes,Clostridia,Clostridiales,Lachnospiraceae,Lachnospiraceae_unclassified
Otu00172,AB306661.1,Actinobacteria,Actinobacteria,Coriobacteriales,Coriobacteriaceae,Adlercreutzia
Otu00173,AJ408969.1,Firmicutes,Clostridia,Clostridiales,Lachnospiraceae,Incertae_Sedis
Otu00174,AY518589.1,Firmicutes,Clostridia,Clostridiales,Ruminococcaceae,Acetanaerobacterium
Otu00175,EF603070.1,Firmicutes,Clostridia,Clostridiales,Ruminococcaceae,uncultured
Otu00176,EF603383.1,Deferribacteres,Deferribacteres,Deferribacterales,Deferribacteraceae,Mucispirillum
Otu00177,AJ404682.1,Firmicutes,Clostridia,Clostridiales,Peptostreptococcaceae,Incertae_Sedis
Otu00178,AY212660.1,Firmicutes,Clostridia,Clostridiales,Lachnospiraceae,Lachnospiraceae_unclassified
Otu00179,AJ408979.1,Firmicutes,Clostridia,Clostridiales,Lachnospiraceae,Lachnospiraceae_unclassified
Otu00180,AJ404681.1,Bacteria_unclassified,Bacteria_unclassified,Bacteria_unclassified,Bacteria_unclassified,Bacteria_unclassified
Otu00181,AY136666.1,Firmicutes,Clostridia,Clostridiales,Ruminococcaceae,Incertae_Sedis
Otu00182,AY212756.1,Firmicutes,Clostridia,Clostridiales,Lachnospiraceae,Lachnospiraceae_unclassified
Otu00183,AY212772.1,Firmicutes,Clostridia,Clostridiales,Ruminococcaceae,Ruminococcaceae_unclassified
Otu00184,AM277638.1,Firmicutes,Clostridia,Clostridiales,Ruminococcaceae,Ruminococcaceae_unclassified
Otu00185,AJ400260.1,Firmicutes,Clostridia,Clostridiales,Lachnospiraceae,Dorea
Otu00186,EF420229.1,Firmicutes,Clostridia,Clostridiales,Clostridiales_unclassified,Clostridiales_unclassified
Otu00187,AF167711.1,Firmicutes,Clostridia,Clostridiales,Ruminococcaceae,Ruminococcaceae_unclassified
Otu00188,DQ673514.1,Firmicutes,Clostridia,Clostridiales,Ruminococcaceae,Ruminococcaceae_unclassified
Otu00189,AY239456.1,Firmicutes,Clostridia,Clostridiales,Ruminococcaceae,uncultured
Otu00190,AF132264.1,Firmicutes,Clostridia,Clostridiales,Lachnospiraceae,Lachnospiraceae_unclassified
Otu00191,EF603175.1,Firmicutes,Clostridia,Clostridiales,Ruminococcaceae,uncultured
Otu00192,AJ408969.1,Firmicutes,Clostridia,Clostridiales,Lachnospiraceae,Incertae_Sedis
Otu00193,AY244908.1,Firmicutes,Clostridia,Clostridiales,Ruminococcaceae,Ruminococcaceae_unclassified
Otu00194,AJ408992.1,Firmicutes,Clostridia,Clostridiales,Lachnospiraceae,Incertae_Sedis
Otu00195,AJ576418.1,Firmicutes,Clostridia,Clostridiales,Lachnospiraceae,Lachnospiraceae_unclassified
Otu00196,DQ455857.1,Firmicutes,Clostridia,Clostridiales,Lachnospiraceae,uncultured
Otu00197,AY244949.1,Firmicutes,Clostridia,Clostridiales,Ruminococcaceae,Ruminococcaceae_unclassified
Otu00198,AY244958.1,Firmicutes,Clostridia,Clostridiales,Lachnospiraceae,uncultured
Otu00199,AJ409000.1,Firmicutes,Clostridia,Clostridiales,Lachnospiraceae,Lachnospiraceae_unclassified
Otu00200,AB233029.1,Firmicutes,Clostridia,Clostridiales,Lachnospiraceae,Lachnospiraceae_unclassified
Otu00201,AF385550.1,Firmicutes,Bacilli,Lactobacillales,Streptococcaceae,Streptococcus
Otu00202,AY212760.1,Firmicutes,Clostridia,Clostridiales,Lachnospiraceae,Lachnospiraceae_unclassified
Otu00203,AJ315487.1,Firmicutes,Clostridia,Clostridiales,Lachnospiraceae,Lachnospiraceae_unclassified
Otu00204,AF018544.1,Firmicutes,Clostridia,Clostridiales,Ruminococcaceae,Ruminococcaceae_unclassified
Otu00205,AY244908.1,Firmicutes,Clostridia,Clostridiales,Ruminococcaceae,Ruminococcaceae_unclassified
Otu00206,AY212772.1,Firmicutes,Clostridia,Clostridiales,Ruminococcaceae,Ruminococcaceae_unclassified
Otu00207,DQ394661.1,Firmicutes,Clostridia,Clostridiales,Ruminococcaceae,uncultured
Otu00208,AF157051.1,Firmicutes,Clostridia,Clostridiales,Ruminococcaceae,Ruminococcaceae_unclassified
Otu00209,DQ455857.1,Bacteria_unclassified,Bacteria_unclassified,Bacteria_unclassified,Bacteria_unclassified,Bacteria_unclassified
Otu00210,AF028349.1,Firmicutes,Clostridia,Clostridiales,Lachnospiraceae,Lachnospiraceae_unclassified
Otu00211,AJ629069.1,Firmicutes,Firmicutes_unclassified,Firmicutes_unclassified,Firmicutes_unclassified,Firmicutes_unclassified
Otu00212,X71856.1,Firmicutes,Clostridia,Clostridiales,Ruminococcaceae,Ruminococcaceae_unclassified
Otu00213,AJ780977.1,Bacteria_unclassified,Bacteria_unclassified,Bacteria_unclassified,Bacteria_unclassified,Bacteria_unclassified
Otu00214,AJ408971.1,Firmicutes,Clostridia,Clostridiales,Lachnospiraceae,Lachnospiraceae_unclassified
Otu00215,L35517.1,Firmicutes,Clostridia,Clostridiales,Ruminococcaceae,Incertae_Sedis
Otu00216,AY136666.1,Firmicutes,Clostridia,Clostridiales,Ruminococcaceae,Incertae_Sedis
Otu00217,EF445201.1,Firmicutes,Clostridia,Clostridiales,Ruminococcaceae,uncultured
Otu00218,AJ408991.1,Firmicutes,Clostridia,Clostridiales,Ruminococcaceae,Ruminococcaceae_unclassified
Otu00219,AJ408969.1,Firmicutes,Clostridia,Clostridiales,Lachnospiraceae,Incertae_Sedis
Otu00220,AF116920.1,Firmicutes,Clostridia,Clostridiales,Lachnospiraceae,Lachnospiraceae_unclassified
Otu00221,AY212762.1,Firmicutes,Clostridia,Clostridiales,Lachnospiraceae,Lachnospiraceae_unclassified
Otu00222,EF025906.1,Firmicutes,Clostridia,Clostridiales,Lachnospiraceae,Lachnospiraceae_unclassified
Otu00223,AY212772.1,Firmicutes,Clostridia,Clostridiales,Ruminococcaceae,Ruminococcaceae_unclassified
Otu00224,AF132261.1,Firmicutes,Clostridia,Clostridiales,Clostridiales_unclassified,Clostridiales_unclassified
Otu00225,AJ576395.1,Firmicutes,Clostridia,Clostridiales,Lachnospiraceae,Lachnospiraceae_unclassified
Otu00226,AF371552.1,Firmicutes,Clostridia,Clostridiales,Lachnospiraceae,Lachnospiraceae_unclassified
Otu00227,AF028350.1,Firmicutes,Erysipelotrichi,Erysipelotrichales,Erysipelotrichaceae,Incertae_Sedis
Otu00228,AF052416.1,Firmicutes,Clostridia,Clostridiales,Lachnospiraceae,Coprococcus
Otu00229,Y18184.1,Firmicutes,Clostridia,Clostridiales,Lachnospiraceae,Incertae_Sedis
Otu00230,AF132261.1,Firmicutes,Clostridia,Clostridiales,Ruminococcaceae,Ruminococcaceae_unclassified
Otu00231,AJ400256.1,Firmicutes,Clostridia,Clostridiales,Lachnospiraceae,Lachnospiraceae_unclassified
Otu00232,L35517.1,Firmicutes,Clostridia,Clostridiales,Ruminococcaceae,Ruminococcaceae_unclassified
Otu00233,X71856.1,Firmicutes,Clostridia,Clostridiales,Clostridiales_unclassified,Clostridiales_unclassified
Otu00234,AB238598.1,Firmicutes,Clostridia,Clostridiales,Ruminococcaceae,Ruminococcaceae_unclassified
Otu00235,AY212760.1,Firmicutes,Clostridia,Clostridiales,Lachnospiraceae,Lachnospiraceae_unclassified
Otu00236,AJ408991.1,Firmicutes,Clostridia,Clostridiales,Ruminococcaceae,Ruminococcaceae_unclassified
Otu00237,EU530489.1,Firmicutes,Clostridia,Clostridiales,Lachnospiraceae,Blautia
Otu00238,AJ404681.1,Firmicutes,Clostridia,Clostridiales,Ruminococcaceae,Ruminococcaceae_unclassified
Otu00239,AJ308396.1,Firmicutes,Clostridia,Clostridiales,Lachnospiraceae,Lachnospiraceae_unclassified
Otu00240,AY244949.1,Firmicutes,Clostridia,Clostridiales,Ruminococcaceae,Ruminococcaceae_unclassified
Otu00241,AF132264.1,Firmicutes,Clostridia,Clostridiales,Lachnospiraceae,Incertae_Sedis
Otu00242,EF602920.1,Firmicutes,Clostridia,Clostridiales,Ruminococcaceae,uncultured
Otu00243,AB238598.1,Firmicutes,Clostridia,Clostridiales,Ruminococcaceae,Ruminococcaceae_unclassified
Otu00244,Y10028.1,Firmicutes,Clostridia,Clostridiales,Lachnospiraceae,Lachnospiraceae_unclassified
Otu00245,AF202259.1,Firmicutes,Clostridia,Clostridiales,Lachnospiraceae,Lachnospiraceae_unclassified
Otu00246,EF025906.1,Firmicutes,Clostridia,Clostridiales,Lachnospiraceae,Blautia
Otu00247,AF028349.1,Firmicutes,Clostridia,Clostridiales,Lachnospiraceae,Lachnospiraceae_unclassified
Otu00248,AJ315487.1,Firmicutes,Clostridia,Clostridiales,Lachnospiraceae,Lachnospiraceae_unclassified
Otu00249,AJ400256.1,Firmicutes,Clostridia,Clostridiales,Lachnospiraceae,Lachnospiraceae_unclassified
Otu00250,AF104839.1,Firmicutes,Clostridia,Clostridiales,Ruminococcaceae,Ruminococcus
Otu00251,EF445166.1,Firmicutes,Clostridia,Clostridiales,Lachnospiraceae,uncultured
Otu00252,AM277638.1,Firmicutes,Clostridia,Clostridiales,Ruminococcaceae,Ruminococcaceae_unclassified
Otu00253,AY212660.1,Firmicutes,Clostridia,Clostridiales,Lachnospiraceae,Lachnospiraceae_unclassified
Otu00254,AF028349.1,Firmicutes,Clostridia,Clostridiales,Lachnospiraceae,Lachnospiraceae_unclassified
Otu00255,AF157058.1,Bacteria_unclassified,Bacteria_unclassified,Bacteria_unclassified,Bacteria_unclassified,Bacteria_unclassified
Otu00256,AJ404681.1,Bacteria_unclassified,Bacteria_unclassified,Bacteria_unclassified,Bacteria_unclassified,Bacteria_unclassified
Otu00257,AY212660.1,Firmicutes,Clostridia,Clostridiales,Lachnospiraceae,Lachnospiraceae_unclassified
Otu00258,AB233029.1,Firmicutes,Clostridia,Clostridiales,Lachnospiraceae,Lachnospiraceae_unclassified
Otu00259,AJ413954.1,Firmicutes,Clostridia,Clostridiales,Ruminococcaceae,Ruminococcaceae_unclassified
Otu00260,AJ404681.1,Bacteria_unclassified,Bacteria_unclassified,Bacteria_unclassified,Bacteria_unclassified,Bacteria_unclassified
Otu00261,AJ400256.1,Firmicutes,Clostridia,Clostridiales,Lachnospiraceae,Lachnospiraceae_unclassified
Otu00262,AF157058.1,Firmicutes,Clostridia,Clostridiales,Lachnospiraceae,Incertae_Sedis
Otu00263,AY244908.1,Firmicutes,Clostridia,Clostridiales,Ruminococcaceae,Ruminococcaceae_unclassified
Otu00264,EF445289.1,Firmicutes,Clostridia,Clostridiales,Ruminococcaceae,uncultured
Otu00265,DQ455857.1,Firmicutes,Clostridia,Clostridiales,Clostridiales_unclassified,Clostridiales_unclassified
Otu00266,AY212660.1,Firmicutes,Clostridia,Clostridiales,Lachnospiraceae,Lachnospiraceae_unclassified
Otu00267,AY169428.1,Firmicutes,Clostridia,Clostridiales,Lachnospiraceae,Lachnospiraceae_unclassified
Otu00268,AF371593.1,Firmicutes,Clostridia,Clostridiales,Lachnospiraceae,Incertae_Sedis
Otu00269,AM277638.1,Firmicutes,Clostridia,Clostridiales,Ruminococcaceae,Ruminococcaceae_unclassified
Otu00270,AJ408969.1,Firmicutes,Clostridia,Clostridiales,Lachnospiraceae,Incertae_Sedis
Otu00271,X71855.1,Firmicutes,Clostridia,Clostridiales,Lachnospiraceae,Lachnospiraceae_unclassified
Otu00272,X71855.1,Firmicutes,Clostridia,Clostridiales,Lachnospiraceae,Lachnospiraceae_unclassified
Otu00273,AJ315487.1,Firmicutes,Clostridia,Clostridiales,Lachnospiraceae,Incertae_Sedis
Otu00274,AY442822.1,Firmicutes,Clostridia,Clostridiales,Lachnospiraceae,Blautia
Otu00275,AF432140.1,Firmicutes,Firmicutes_unclassified,Firmicutes_unclassified,Firmicutes_unclassified,Firmicutes_unclassified
Otu00276,AJ408979.1,Firmicutes,Clostridia,Clostridiales,Lachnospiraceae,Lachnospiraceae_unclassified
Otu00277,AF132264.1,Firmicutes,Clostridia,Clostridiales,Lachnospiraceae,Lachnospiraceae_unclassified
Otu00278,AF132261.1,Firmicutes,Clostridia,Clostridiales,Ruminococcaceae,Ruminococcaceae_unclassified
Otu00279,X81125.1,Firmicutes,Clostridia,Clostridiales,Ruminococcaceae,Incertae_Sedis
Otu00280,AY028925.1,Firmicutes,Bacilli,Bacillales,Staphylococcaceae,Jeotgalicoccus
Otu00281,AF275916.1,Firmicutes,Clostridia,Clostridiales,Clostridiales_unclassified,Clostridiales_unclassified
Otu00282,AY244908.1,Firmicutes,Clostridia,Clostridiales,Ruminococcaceae,Ruminococcaceae_unclassified
Otu00283,AY244910.1,Firmicutes,Clostridia,Clostridiales,Clostridiales_unclassified,Clostridiales_unclassified
Otu00284,AY518589.1,Firmicutes,Clostridia,Clostridiales,Ruminococcaceae,Ruminococcaceae_unclassified
Otu00285,AJ550617.1,Firmicutes,Erysipelotrichi,Erysipelotrichales,Erysipelotrichaceae,Erysipelothrix
Otu00286,AB030218.1,Firmicutes,Erysipelotrichi,Erysipelotrichales,Erysipelotrichaceae,Erysipelotrichaceae_unclassified
Otu00287,AY212771.1,Firmicutes,Clostridia,Clostridiales,Lachnospiraceae,Lachnospiraceae_unclassified
Otu00288,AY244949.1,Firmicutes,Clostridia,Clostridiales,Ruminococcaceae,Ruminococcaceae_unclassified
Otu00289,AF371552.1,Firmicutes,Clostridia,Clostridiales,Lachnospiraceae,Lachnospiraceae_unclassified
Otu00290,EF603070.1,Firmicutes,Clostridia,Clostridiales,Ruminococcaceae,uncultured
Otu00291,AY491543.1,Firmicutes,Clostridia,Clostridiales,Family_XIII_Incertae_Sedis,Family_XIII_Incertae_Sedis_unclassified
Otu00292,AB233029.1,Firmicutes,Clostridia,Clostridiales,Lachnospiraceae,Lachnospiraceae_unclassified
Otu00293,AF481221.1,Firmicutes,Clostridia,Clostridiales,Lachnospiraceae,Lachnospiraceae_unclassified
Otu00294,AF371593.1,Firmicutes,Clostridia,Clostridiales,Lachnospiraceae,Lachnospiraceae_unclassified
Otu00295,AY442822.1,Firmicutes,Clostridia,Clostridiales,Lachnospiraceae,Lachnospiraceae_unclassified
Otu00296,AF132257.1,Firmicutes,Clostridia,Clostridiales,Lachnospiraceae,Lachnospiraceae_unclassified
Otu00297,AF157051.1,Firmicutes,Clostridia,Clostridiales,Ruminococcaceae,Ruminococcaceae_unclassified
Otu00298,AF371593.1,Firmicutes,Clostridia,Clostridiales,Clostridiales_unclassified,Clostridiales_unclassified
Otu00299,AF371552.1,Firmicutes,Clostridia,Clostridiales,Lachnospiraceae,Lachnospiraceae_unclassified
Otu00300,AF275916.1,Firmicutes,Clostridia,Clostridiales,Clostridiales_unclassified,Clostridiales_unclassified
Otu00301,AY212772.1,Firmicutes,Clostridia,Clostridiales,Ruminococcaceae,Ruminococcaceae_unclassified
Otu00302,DQ905423.1,Firmicutes,Clostridia,Clostridiales,Ruminococcaceae,uncultured
Otu00303,AF371552.1,Firmicutes,Clostridia,Clostridiales,Lachnospiraceae,Lachnospiraceae_unclassified
Otu00304,AY212660.1,Firmicutes,Clostridia,Clostridiales,Lachnospiraceae,Lachnospiraceae_unclassified
Otu00305,AJ404681.1,Firmicutes,Firmicutes_unclassified,Firmicutes_unclassified,Firmicutes_unclassified,Firmicutes_unclassified
Otu00306,AY138231.1,Firmicutes,Bacilli,Lactobacillales,Streptococcaceae,Streptococcus
Otu00307,AY244949.1,Firmicutes,Clostridia,Clostridiales,Ruminococcaceae,Incertae_Sedis
Otu00308,AF104839.1,Firmicutes,Clostridia,Clostridiales,Ruminococcaceae,Ruminococcaceae_unclassified
Otu00309,AF157052.1,Firmicutes,Clostridia,Clostridiales,Clostridiales_unclassified,Clostridiales_unclassified
Otu00310,AJ488075.1,Firmicutes,Clostridia,Clostridiales,Ruminococcaceae,Incertae_Sedis
Otu00311,AY518589.1,Firmicutes,Clostridia,Clostridiales,Ruminococcaceae,Acetanaerobacterium
Otu00312,AB118593.1,Firmicutes,Clostridia,Clostridiales,Family_XIII_Incertae_Sedis,uncultured
Otu00313,AM277638.1,Firmicutes,Clostridia,Clostridiales,Ruminococcaceae,Ruminococcaceae_unclassified
Otu00314,AF030446.1,Bacteria_unclassified,Bacteria_unclassified,Bacteria_unclassified,Bacteria_unclassified,Bacteria_unclassified
Otu00315,AY442822.1,Firmicutes,Clostridia,Clostridiales,Lachnospiraceae,Lachnospiraceae_unclassified
Otu00316,AF132267.1,Firmicutes,Clostridia,Clostridiales,Lachnospiraceae,Lachnospiraceae_unclassified
Otu00317,AY239456.1,Firmicutes,Clostridia,Clostridiales,Ruminococcaceae,uncultured
Otu00318,Y18184.1,Firmicutes,Clostridia,Clostridiales,Lachnospiraceae,Lachnospiraceae_unclassified
Otu00319,AY212772.1,Firmicutes,Clostridia,Clostridiales,Ruminococcaceae,Ruminococcaceae_unclassified
Otu00320,U81642.1,Firmicutes,Clostridia,Clostridiales,Ruminococcaceae,Incertae_Sedis
Otu00321,AJ576369.1,Firmicutes,Clostridia,Clostridiales,Ruminococcaceae,uncultured
Otu00322,AF371628.1,Firmicutes,Clostridia,Clostridiales,Lachnospiraceae,Incertae_Sedis
Otu00323,AF129866.1,Firmicutes,Clostridia,Clostridiales,Clostridiales_unclassified,Clostridiales_unclassified
Otu00324,Y18185.1,Firmicutes,Clostridia,Clostridiales,Lachnospiraceae,Lachnospiraceae_unclassified
Otu00325,AB233029.1,Firmicutes,Clostridia,Clostridiales,Lachnospiraceae,Incertae_Sedis
Otu00326,EF602918.1,Firmicutes,Clostridia,Clostridiales,Lachnospiraceae,uncultured
Otu00327,DQ673514.1,Firmicutes,Clostridia,Clostridiales,Ruminococcaceae,Ruminococcaceae_unclassified
Otu00328,AM277638.1,Firmicutes,Clostridia,Clostridiales,Ruminococcaceae,Ruminococcaceae_unclassified
Otu00329,AY030321.1,Firmicutes,Bacilli,Bacillales,Staphylococcaceae,Staphylococcus
Otu00330,AF371552.1,Firmicutes,Clostridia,Clostridiales,Lachnospiraceae,Lachnospiraceae_unclassified
Otu00331,AJ408999.1,Firmicutes,Clostridia,Clostridiales,Lachnospiraceae,Lachnospiraceae_unclassified
Otu00332,AM277638.1,Firmicutes,Clostridia,Clostridiales,Ruminococcaceae,Ruminococcaceae_unclassified
Otu00333,EF602918.1,Firmicutes,Clostridia,Clostridiales,Lachnospiraceae,Lachnospiraceae_unclassified
Otu00334,AJ400256.1,Firmicutes,Clostridia,Clostridiales,Lachnospiraceae,Lachnospiraceae_unclassified
Otu00335,AY518589.1,Firmicutes,Clostridia,Clostridiales,Ruminococcaceae,Ruminococcaceae_unclassified
Otu00336,AY518589.1,Firmicutes,Clostridia,Clostridiales,Ruminococcaceae,Ruminococcaceae_unclassified
Otu00337,AY136666.1,Firmicutes,Clostridia,Clostridiales,Ruminococcaceae,Ruminococcaceae_unclassified
Otu00338,AF292374.1,Bacteria_unclassified,Bacteria_unclassified,Bacteria_unclassified,Bacteria_unclassified,Bacteria_unclassified
Otu00339,AF371655.1,Firmicutes,Clostridia,Clostridiales,Lachnospiraceae,Lachnospiraceae_unclassified
Otu00340,AJ270484.1,Firmicutes,Clostridia,Clostridiales,Lachnospiraceae,Incertae_Sedis
Otu00341,AY518589.1,Firmicutes,Clostridia,Clostridiales,Ruminococcaceae,Ruminococcaceae_unclassified
Otu00342,AF432140.1,Firmicutes,Mollicutes,RF9,RF9_unclassified,RF9_unclassified
Otu00343,AJ404681.1,Firmicutes,Firmicutes_unclassified,Firmicutes_unclassified,Firmicutes_unclassified,Firmicutes_unclassified
Otu00344,AF499906.1,Firmicutes,Clostridia,Clostridiales,Lachnospiraceae,Lachnospiraceae_unclassified
Otu00345,AF157058.1,Firmicutes,Clostridia,Clostridiales,Lachnospiraceae,Lachnospiraceae_unclassified
Otu00346,DQ904772.1,Firmicutes,Clostridia,Clostridiales,Ruminococcaceae,Ruminococcaceae_unclassified
Otu00347,AF031479.1,Bacteria_unclassified,Bacteria_unclassified,Bacteria_unclassified,Bacteria_unclassified,Bacteria_unclassified
Otu00348,AB118593.1,Firmicutes,Clostridia,Clostridiales,Clostridiales_unclassified,Clostridiales_unclassified
Otu00349,Y18184.1,Firmicutes,Clostridia,Clostridiales,Lachnospiraceae,Lachnospiraceae_unclassified
Otu00350,AY518589.1,Firmicutes,Clostridia,Clostridiales,Ruminococcaceae,Acetanaerobacterium
Otu00351,EF025906.1,Firmicutes,Clostridia,Clostridiales,Lachnospiraceae,Lachnospiraceae_unclassified
Otu00352,AJ404681.1,Firmicutes,Clostridia,Clostridiales,Ruminococcaceae,Incertae_Sedis
Otu00353,X95624.1,Firmicutes,Clostridia,Clostridiales,Lachnospiraceae,Blautia
Otu00354,AJ408969.1,Firmicutes,Clostridia,Clostridiales,Lachnospiraceae,Lachnospiraceae_unclassified
Otu00355,AB089009.1,Firmicutes,Clostridia,Clostridiales,Clostridiales_unclassified,Clostridiales_unclassified
Otu00356,AF157051.1,Firmicutes,Clostridia,Clostridiales,Ruminococcaceae,Ruminococcaceae_unclassified
Otu00357,AJ408969.1,Firmicutes,Clostridia,Clostridiales,Lachnospiraceae,Lachnospiraceae_unclassified
Otu00358,AF499908.1,Firmicutes,Clostridia,Clostridiales,Lachnospiraceae,Lachnospiraceae_unclassified
Otu00359,AY442822.1,Firmicutes,Clostridia,Clostridiales,Lachnospiraceae,Blautia
Otu00360,AB034147.1,Bacteria_unclassified,Bacteria_unclassified,Bacteria_unclassified,Bacteria_unclassified,Bacteria_unclassified
Otu00361,AY491543.1,Firmicutes,Clostridia,Clostridiales,Family_XIII_Incertae_Sedis,Family_XIII_Incertae_Sedis_unclassified
Otu00362,AJ270484.1,Firmicutes,Clostridia,Clostridiales,Lachnospiraceae,Lachnospiraceae_unclassified
Otu00363,AJ408991.1,Firmicutes,Clostridia,Clostridiales,Ruminococcaceae,Ruminococcaceae_unclassified
Otu00364,DQ673514.1,Firmicutes,Clostridia,Clostridiales,Clostridiales_unclassified,Clostridiales_unclassified
Otu00365,AF018544.1,Bacteria_unclassified,Bacteria_unclassified,Bacteria_unclassified,Bacteria_unclassified,Bacteria_unclassified
Otu00366,AB088987.1,Firmicutes,Clostridia,Clostridiales,Family_XIII_Incertae_Sedis,Eubacterium
Otu00367,AF030452.1,Firmicutes,Clostridia,Clostridiales,Ruminococcaceae,Ruminococcus
Otu00368,DQ394661.1,Firmicutes,Clostridia,Clostridiales,Ruminococcaceae,uncultured
Otu00369,AJ408961.1,Firmicutes,Clostridia,Clostridiales,Lachnospiraceae,Blautia
Otu00370,X84440.1,Actinobacteria,Actinobacteria,Actinomycetales,Corynebacteriaceae,Corynebacterium
Otu00371,AY434722.1,Firmicutes,Clostridia,Clostridiales,Ruminococcaceae,Ruminococcaceae_unclassified
Otu00372,AJ400261.1,Firmicutes,Clostridia,Clostridiales,Lachnospiraceae,Lachnospiraceae_unclassified
Otu00373,AJ609624.1,Actinobacteria,Actinobacteria,Actinomycetales,Micrococcaceae,Micrococcaceae_unclassified
Otu00374,AY347313.1,Firmicutes,Bacilli,Lactobacillales,Lactobacillales_unclassified,Lactobacillales_unclassified
Otu00375,AF092548.1,Firmicutes,Clostridia,Clostridiales,Clostridiales_unclassified,Clostridiales_unclassified
Otu00378,AB034015.1,Firmicutes,Clostridia,Clostridiales,Clostridiales_unclassified,Clostridiales_unclassified
Otu00381,AY169419.1,Firmicutes,Clostridia,Clostridiales,Lachnospiraceae,Blautia
Otu00382,EF686530.1,Firmicutes,Clostridia,Clostridiales,Ruminococcaceae,uncultured
Otu00383,AY212756.1,Firmicutes,Clostridia,Clostridiales,Lachnospiraceae,Lachnospiraceae_unclassified
Otu00385,AY487928.1,Firmicutes,Clostridia,Clostridiales,Ruminococcaceae,Ruminococcaceae_unclassified
Otu00386,AJ306755.1,Bacteria_unclassified,Bacteria_unclassified,Bacteria_unclassified,Bacteria_unclassified,Bacteria_unclassified
Otu00390,AF227826.1,Firmicutes,Clostridia,Clostridiales,Clostridiaceae,Clostridium
Otu00391,AY212760.1,Firmicutes,Clostridia,Clostridiales,Lachnospiraceae,Lachnospiraceae_unclassified
Otu00392,AM275406.1,Firmicutes,Clostridia,Clostridiales,Clostridiales_unclassified,Clostridiales_unclassified
Otu00393,U81761.1,Firmicutes,Clostridia,Clostridiales,Clostridiales_unclassified,Clostridiales_unclassified
Otu00395,U81762.1,Firmicutes,Clostridia,Clostridiales,Ruminococcaceae,Ruminococcaceae_unclassified
Otu00396,AF202057.1,Firmicutes,Bacilli,Bacillales,Bacillales_unclassified,Bacillales_unclassified
Otu00399,AF202259.1,Firmicutes,Clostridia,Clostridiales,Lachnospiraceae,Lachnospiraceae_unclassified
Otu00401,AJ408993.1,Firmicutes,Clostridia,Clostridiales,Lachnospiraceae,Blautia
Otu00402,AF227826.1,Firmicutes,Firmicutes_unclassified,Firmicutes_unclassified,Firmicutes_unclassified,Firmicutes_unclassified
Otu00403,AJ312386.1,Firmicutes,Clostridia,Clostridiales,Lachnospiraceae,Lachnospiraceae_unclassified
Otu00405,AF358114.1,Firmicutes,Clostridia,Clostridiales,Clostridiales_unclassified,Clostridiales_unclassified
Otu00409,AJ550617.1,Bacteria_unclassified,Bacteria_unclassified,Bacteria_unclassified,Bacteria_unclassified,Bacteria_unclassified
Otu00411,AF028352.1,Firmicutes,Erysipelotrichi,Erysipelotrichales,Erysipelotrichaceae,Incertae_Sedis
Otu00415,AB089009.1,Firmicutes,Firmicutes_unclassified,Firmicutes_unclassified,Firmicutes_unclassified,Firmicutes_unclassified
Otu00417,AF432140.1,Firmicutes,Mollicutes,Mollicutes_unclassified,Mollicutes_unclassified,Mollicutes_unclassified
Otu00422,AY854281.1,Firmicutes,Clostridia,Clostridiales,Lachnospiraceae,uncultured
Otu00425,AB175381.1,Firmicutes,Firmicutes_unclassified,Firmicutes_unclassified,Firmicutes_unclassified,Firmicutes_unclassified
Otu00428,AB306661.1,Actinobacteria,Actinobacteria,Coriobacteriales,Coriobacterineae,Coriobacteriaceae
Otu00436,AF050582.1,Firmicutes,Clostridia,Clostridiales,Clostridiales_unclassified,Clostridiales_unclassified
Otu00440,AB210825.1,Firmicutes,Erysipelotrichi,Erysipelotrichales,Erysipelotrichaceae,Erysipelotrichaceae_unclassified
Otu00441,AF317386.1,Firmicutes,Bacilli,Lactobacillales,Aerococcaceae,Aerococcus
Otu00443,AJ629069.1,Firmicutes,Erysipelotrichi,Erysipelotrichales,Erysipelotrichaceae,Erysipelotrichaceae_unclassified
Otu00444,AY854335.1,Firmicutes,Firmicutes_unclassified,Firmicutes_unclassified,Firmicutes_unclassified,Firmicutes_unclassified
Otu00445,AY854309.1,Bacteria_unclassified,Bacteria_unclassified,Bacteria_unclassified,Bacteria_unclassified,Bacteria_unclassified
Otu00446,AY373357.1,Firmicutes,Bacilli,Bacillales,Bacillales_unclassified,Bacillales_unclassified
Otu00447,U43570.1,Firmicutes,Firmicutes_unclassified,Firmicutes_unclassified,Firmicutes_unclassified,Firmicutes_unclassified
Otu00451,AJ576348.1,Firmicutes,Clostridia,Clostridiales,Clostridiales_unclassified,Clostridiales_unclassified
Otu00456,AJ009493.1,Firmicutes,Clostridia,Clostridiales,Clostridiales_unclassified,Clostridiales_unclassified
Otu00458,AB015268.1,Firmicutes,Clostridia,Clostridiales,Ruminococcaceae,Ruminococcaceae_unclassified
Otu00461,AB034007.1,Firmicutes,Clostridia,Clostridiales,Family_XIII_Incertae_Sedis,uncultured
Otu00464,AY532583.1,Firmicutes,Clostridia,Clostridiales,Ruminococcaceae,Ruminococcaceae_unclassified
Otu00465,AJ408958.1,Firmicutes,Clostridia,Clostridiales,Lachnospiraceae,Blautia
Otu00466,AY239469.1,Bacteroidetes,Bacteroidia,Bacteroidales,S24-7,S24-7_unclassified
Otu00470,AJ131149.1,Bacteria_unclassified,Bacteria_unclassified,Bacteria_unclassified,Bacteria_unclassified,Bacteria_unclassified
Otu00475,X79048.1,Bacteria_unclassified,Bacteria_unclassified,Bacteria_unclassified,Bacteria_unclassified,Bacteria_unclassified
Otu00478,EF032672.1,Firmicutes,Bacilli,Bacillales,Bacillales_unclassified,Bacillales_unclassified
Otu00481,AB210825.1,Firmicutes,Erysipelotrichi,Erysipelotrichales,Erysipelotrichaceae,Erysipelotrichaceae_unclassified
Otu00482,AB040497.1,Firmicutes,Clostridia,Clostridiales,Ruminococcaceae,Ruminococcaceae_unclassified
Otu00484,AJ012604.1,Firmicutes,Clostridia,Clostridiales,Clostridiales_unclassified,Clostridiales_unclassified
Otu00492,EF510383.1,Firmicutes,Bacilli,Lactobacillales,Carnobacteriaceae,Granulicatella
Otu00493,EU622660.1,Bacteroidetes,Bacteroidia,Bacteroidales,S24-7,S24-7_unclassified
Otu00497,AJ229202.1,Firmicutes,Clostridia,Clostridiales,Clostridiales_unclassified,Clostridiales_unclassified
Otu00499,AF028352.1,Firmicutes,Erysipelotrichi,Erysipelotrichales,Erysipelotrichaceae,Erysipelotrichaceae_unclassified
Otu00501,AB093546.1,Firmicutes,Clostridia,Clostridiales,Ruminococcaceae,Ruminococcaceae_unclassified
Otu00507,DQ100445.1,Firmicutes,Erysipelotrichi,Erysipelotrichales,Erysipelotrichaceae,Erysipelotrichaceae_unclassified
Otu00511,AJ306753.1,Firmicutes,Erysipelotrichi,Erysipelotrichales,Erysipelotrichaceae,Erysipelotrichaceae_unclassified
Otu00513,AJ581354.1,Bacteroidetes,Bacteroidia,Bacteroidales,Prevotellaceae,Prevotella
Otu00515,EF603945.1,Firmicutes,Clostridia,Clostridiales,Clostridiales_unclassified,Clostridiales_unclassified
Otu00519,AJ576354.1,Firmicutes,Firmicutes_unclassified,Firmicutes_unclassified,Firmicutes_unclassified,Firmicutes_unclassified
Otu00529,AY854319.1,Firmicutes,Clostridia,Clostridiales,Lachnospiraceae,uncultured
Otu00538,AF411592.1,Bacteria_unclassified,Bacteria_unclassified,Bacteria_unclassified,Bacteria_unclassified,Bacteria_unclassified
Otu00542,AF287780.1,Firmicutes,Clostridia,Clostridia_unclassified,Clostridia_unclassified,Clostridia_unclassified
Otu00544,AF275915.1,Firmicutes,Clostridia,Clostridiales,Lachnospiraceae,Lachnospiraceae_unclassified
Otu00546,AY185325.1,Firmicutes,Clostridia,Clostridiales,Clostridiales_unclassified,Clostridiales_unclassified
Otu00547,AJ270471.1,Firmicutes,Clostridia,Clostridiales,Ruminococcaceae,Incertae_Sedis
Otu00552,X76746.1,Firmicutes,Clostridia,Clostridiales,Lachnospiraceae,Incertae_Sedis
Otu00553,AY278623.1,Bacteria_unclassified,Bacteria_unclassified,Bacteria_unclassified,Bacteria_unclassified,Bacteria_unclassified
Otu00559,AY854351.1,Firmicutes,Clostridia,Clostridiales,Clostridiales_unclassified,Clostridiales_unclassified
Otu00562,DQ456434.1,Firmicutes,Clostridia,Clostridiales,Lachnospiraceae,uncultured
Otu00568,AB274493.1,Firmicutes,Clostridia,Clostridiales,Clostridiales_unclassified,Clostridiales_unclassified
Otu00569,AJ290755.1,Proteobacteria,Gammaproteobacteria,Pasteurellales,Pasteurellaceae,Pasteurellaceae_unclassified
Otu00577,AF016691.1,Firmicutes,Clostridia,Clostridiales,Clostridiales_unclassified,Clostridiales_unclassified
Otu00578,X71853.1,Bacteria_unclassified,Bacteria_unclassified,Bacteria_unclassified,Bacteria_unclassified,Bacteria_unclassified
Otu00580,EF400347.1,Bacteria_unclassified,Bacteria_unclassified,Bacteria_unclassified,Bacteria_unclassified,Bacteria_unclassified
Otu00586,AB013835.1,Bacteria_unclassified,Bacteria_unclassified,Bacteria_unclassified,Bacteria_unclassified,Bacteria_unclassified
Otu00593,AJ427446.1,Firmicutes,Bacilli,Lactobacillales,Carnobacteriaceae,Carnobacterium
Otu00594,AY244960.1,Firmicutes,Clostridia,Clostridiales,Lachnospiraceae,uncultured
Otu00604,AB088966.1,Firmicutes,Clostridia,Clostridiales,Clostridiales_unclassified,Clostridiales_unclassified
Otu00606,AF088900.1,Firmicutes,Bacilli,Lactobacillales,Streptococcaceae,Streptococcus
Otu00608,AF385564.1,Bacteroidetes,Bacteroidia,Bacteroidales,Bacteroidales_unclassified,Bacteroidales_unclassified
Otu00612,Y17820.1,Firmicutes,Bacilli,Lactobacillales,Aerococcaceae,Flacklamia
Otu00621,AJ576350.1,Firmicutes,Clostridia,Clostridiales,Lachnospiraceae,Lachnospiraceae_unclassified
Otu00624,AY244921.1,Bacteroidetes,Bacteroidia,Bacteroidales,Prevotellaceae,Prevotellaceae_unclassified
Otu00633,AF129863.1,Firmicutes,Clostridia,Clostridiales,Ruminococcaceae,Ruminococcaceae_unclassified
Otu00636,AJ400264.1,Bacteroidetes,Bacteroidia,Bacteroidales,S24-7,S24-7_unclassified
Otu00651,AJ408989.1,Firmicutes,Clostridia,Clostridiales,Ruminococcaceae,Subdoligranulum
Otu00671,AY158021.1,Bacteroidetes,Bacteroidia,Bacteroidales,Prevotellaceae,Prevotella
Otu00678,AB244774.1,Bacteroidetes,Bacteroidia,Bacteroidales,Prevotellaceae,Prevotella
Otu00680,AJ853621.1,Bacteria_unclassified,Bacteria_unclassified,Bacteria_unclassified,Bacteria_unclassified,Bacteria_unclassified
Otu00684,AF157056.1,Bacteroidetes,Bacteroidia,Bacteroidales,Porphyromonadaceae,Parabacteroides
Otu00692,AY434722.1,Firmicutes,Firmicutes_unclassified,Firmicutes_unclassified,Firmicutes_unclassified,Firmicutes_unclassified
Otu00695,AF028350.1,Firmicutes,Firmicutes_unclassified,Firmicutes_unclassified,Firmicutes_unclassified,Firmicutes_unclassified
Otu00701,AY854351.1,Firmicutes,Clostridia,Clostridiales,Clostridiales_unclassified,Clostridiales_unclassified
Otu00716,AY038994.1,Firmicutes,Clostridia,Clostridiales,Veillonellaceae,Megasphaera
Otu00724,AJ298291.1,Proteobacteria,Gammaproteobacteria,Xanthomonadales,Xanthomonadaceae,Lysobacter
Otu00726,AB037875.1,Firmicutes,Clostridia,Clostridiales,Family_XIII_Incertae_Sedis,Family_XIII_Incertae_Sedis_unclassified
Otu00754,DQ456425.1,Bacteria_unclassified,Bacteria_unclassified,Bacteria_unclassified,Bacteria_unclassified,Bacteria_unclassified
Otu00821,X72865.1,Firmicutes,Clostridia,Clostridiales,Veillonellaceae,Veillonellaceae_unclassified
